{"_via_settings":{"ui":{"annotation_editor_height":25,"annotation_editor_fontsize":0.8,"leftsidebar_width":18,"image_grid":{"img_height":80,"rshape_fill":"none","rshape_fill_opacity":0.3,"rshape_stroke":"yellow","rshape_stroke_width":2,"show_region_shape":true,"show_image_policy":"all"},"image":{"region_label":"__via_region_id__","region_color":"__via_default_region_color__","region_label_font":"10px Sans","on_image_annotation_editor_placement":"NEAR_REGION"}},"core":{"buffer_size":18,"filepath":{},"default_filepath":""},"project":{"name":"gun10"}},"_via_img_metadata":{"armas1.jpg4101":{"filename":"armas1.jpg","size":4101,"regions":[{"shape_attributes":{"name":"polygon","all_points_x":[9,3,124,131,74,58,45],"all_points_y":[113,13,4,27,45,71,111]},"region_attributes":{"name":{"blackpistol":true}}},null,{"shape_attributes":{"name":"polygon","all_points_x":[122,122,239,237,210],"all_points_y":[86,44,51,143,144]},"region_attributes":{"name":{"whitepistol":true}}}],"file_attributes":{}},"armas2.jpg6420":{"filename":"armas2.jpg","size":6420,"regions":[{"shape_attributes":{"name":"polygon","all_points_x":[10,150,147,109,62,17],"all_points_y":[103,76,169,178,138,138]},"region_attributes":{"name":{"whitepistol":true}}},null,{"shape_attributes":{"name":"polygon","all_points_x":[78,189,234,190,178,122,79],"all_points_y":[55,24,112,115,101,82,79]},"region_attributes":{"name":{"whitepistol":true}}}],"file_attributes":{}},"armas3.jpg94954":{"filename":"armas3.jpg","size":94954,"regions":[{"shape_attributes":{"name":"polygon","all_points_x":[430,512,623,569,497],"all_points_y":[228,131,230,357,363]},"region_attributes":{"name":{"blackpistol":true}}}],"file_attributes":{}},"armas4.jpg24941":{"filename":"armas4.jpg","size":24941,"regions":[{"shape_attributes":{"name":"polygon","all_points_x":[38,179,157,111,68,28],"all_points_y":[151,171,250,247,209,195]},"region_attributes":{"name":{"blackpistol":true}}}],"file_attributes":{}},"armas5.jpg64405":{"filename":"armas5.jpg","size":64405,"regions":[{"shape_attributes":{"name":"polygon","all_points_x":[457,672,434,366,408,365,406,365],"all_points_y":[167,453,609,546,424,327,285,232]},"region_attributes":{"name":{"blackpistol":true}}},null,{"shape_attributes":{"name":"polygon","all_points_x":[644,847,779,687,707,619,644,607],"all_points_y":[5,190,402,318,250,156,84,41]},"region_attributes":{"name":{"blackpistol":true}}}],"file_attributes":{}},"armas6.jpg280864":{"filename":"armas6.jpg","size":280864,"regions":[{"shape_attributes":{"name":"polygon","all_points_x":[307,899,940,735,698,533,500,270],"all_points_y":[192,174,605,621,492,443,363,348]},"region_attributes":{"name":{"blackpistol":true}}}],"file_attributes":{}},"armas7.jpg118101":{"filename":"armas7.jpg","size":118101,"regions":[{"shape_attributes":{"name":"polygon","all_points_x":[714,778,937,975,1093,997],"all_points_y":[985,600,604,881,947,1105]},"region_attributes":{"name":{"blackpistol":true}}}],"file_attributes":{}},"armas8.jpg100041":{"filename":"armas8.jpg","size":100041,"regions":[{"shape_attributes":{"name":"polygon","all_points_x":[637,692,842,838,684],"all_points_y":[487,347,351,463,519]},"region_attributes":{"name":{"blackpistol":true}}}],"file_attributes":{}},"armas9.jpg126286":{"filename":"armas9.jpg","size":126286,"regions":[{"shape_attributes":{"name":"polygon","all_points_x":[192,295,345,170,120],"all_points_y":[202,184,499,515,351]},"region_attributes":{"name":{"blackpistol":true}}}],"file_attributes":{}},"armas10.jpg101740":{"filename":"armas10.jpg","size":101740,"regions":[{"shape_attributes":{"name":"polygon","all_points_x":[566,713,639,497,414,410],"all_points_y":[376,139,82,175,207,303]},"region_attributes":{"name":{"blackpistol":true}}}],"file_attributes":{}}},"_via_attributes":{"region":{"name":{"type":"checkbox","description":"","options":{"whitepistol":"","blackpistol":""},"default_options":{}}},"file":{}},"_via_data_format_version":"2.0.10","_via_image_id_list":["armas1.jpg4101","armas2.jpg6420","armas3.jpg94954","armas4.jpg24941","armas5.jpg64405","armas6.jpg280864","armas7.jpg118101","armas8.jpg100041","armas9.jpg126286","armas10.jpg101740"]}