<annotation>
	<folder>images</folder>
	<filename>00d1e939c70f17f0.jpg</filename>
	<path>C:\Users\Islyambek\Documents\train\images\00d1e939c70f17f0.jpg</path>
	<source>
		<database>Unknown</database>
	</source>
	<size>
		<width>1024</width>
		<height>681</height>
		<depth>3</depth>
	</size>
	<segmented>0</segmented>
	<object>
		<name>gun</name>
		<pose>Unspecified</pose>
		<truncated>1</truncated>
		<difficult>0</difficult>
		<bndbox>
			<xmin>1</xmin>
			<ymin>10</ymin>
			<xmax>881</xmax>
			<ymax>273</ymax>
		</bndbox>
	</object>
</annotation>
