<annotation>
	<folder>images</folder>
	<filename>0a4579d3deb36479.jpg</filename>
	<path>C:\Users\Islyambek\Documents\train\images\0a4579d3deb36479.jpg</path>
	<source>
		<database>Unknown</database>
	</source>
	<size>
		<width>1024</width>
		<height>638</height>
		<depth>3</depth>
	</size>
	<segmented>0</segmented>
	<object>
		<name>gun</name>
		<pose>Unspecified</pose>
		<truncated>0</truncated>
		<difficult>0</difficult>
		<bndbox>
			<xmin>459</xmin>
			<ymin>201</ymin>
			<xmax>665</xmax>
			<ymax>329</ymax>
		</bndbox>
	</object>
</annotation>
