<annotation>
	<folder>images</folder>
	<filename>0a46f9b3afe642f2.jpg</filename>
	<path>C:\Users\Islyambek\Documents\train\images\0a46f9b3afe642f2.jpg</path>
	<source>
		<database>Unknown</database>
	</source>
	<size>
		<width>1024</width>
		<height>683</height>
		<depth>3</depth>
	</size>
	<segmented>0</segmented>
	<object>
		<name>gun</name>
		<pose>Unspecified</pose>
		<truncated>1</truncated>
		<difficult>0</difficult>
		<bndbox>
			<xmin>36</xmin>
			<ymin>168</ymin>
			<xmax>1024</xmax>
			<ymax>651</ymax>
		</bndbox>
	</object>
</annotation>
