<annotation>
	<folder>images</folder>
	<filename>0a74aa802283e060.jpg</filename>
	<path>C:\Users\Islyambek\Documents\train\images\0a74aa802283e060.jpg</path>
	<source>
		<database>Unknown</database>
	</source>
	<size>
		<width>1024</width>
		<height>683</height>
		<depth>3</depth>
	</size>
	<segmented>0</segmented>
	<object>
		<name>gun</name>
		<pose>Unspecified</pose>
		<truncated>0</truncated>
		<difficult>0</difficult>
		<bndbox>
			<xmin>485</xmin>
			<ymin>219</ymin>
			<xmax>657</xmax>
			<ymax>379</ymax>
		</bndbox>
	</object>
</annotation>
