<annotation>
	<folder>images</folder>
	<filename>0b019f09f1189536.jpg</filename>
	<path>C:\Users\Islyambek\Documents\train\images\0b019f09f1189536.jpg</path>
	<source>
		<database>Unknown</database>
	</source>
	<size>
		<width>1024</width>
		<height>768</height>
		<depth>3</depth>
	</size>
	<segmented>0</segmented>
	<object>
		<name>gun</name>
		<pose>Unspecified</pose>
		<truncated>0</truncated>
		<difficult>0</difficult>
		<bndbox>
			<xmin>176</xmin>
			<ymin>163</ymin>
			<xmax>877</xmax>
			<ymax>621</ymax>
		</bndbox>
	</object>
</annotation>
