{"armas10.jpg": {"filename": "armas10.jpg", "size": 101740, "regions": [{"shape_attributes": {"name": "polygon", "all_points_x": [566, 713, 639, 497, 414, 410], "all_points_y": [376, 139, 82, 175, 207, 303]}, "region_attributes": {"name": {"blackpistol": true}}}], "file_attributes": {}}, "armas6.jpg": {"filename": "armas6.jpg", "size": 280864, "regions": [{"shape_attributes": {"name": "polygon", "all_points_x": [307, 899, 940, 735, 698, 533, 500, 270], "all_points_y": [192, 174, 605, 621, 492, 443, 363, 348]}, "region_attributes": {"name": {"blackpistol": true}}}], "file_attributes": {}}, "armas4.jpg": {"filename": "armas4.jpg", "size": 24941, "regions": [{"shape_attributes": {"name": "polygon", "all_points_x": [38, 179, 157, 111, 68, 28], "all_points_y": [151, 171, 250, 247, 209, 195]}, "region_attributes": {"name": {"blackpistol": true}}}], "file_attributes": {}}, "armas9.jpg": {"filename": "armas9.jpg", "size": 126286, "regions": [{"shape_attributes": {"name": "polygon", "all_points_x": [192, 295, 345, 170, 120], "all_points_y": [202, 184, 499, 515, 351]}, "region_attributes": {"name": {"blackpistol": true}}}], "file_attributes": {}}, "armas8.jpg": {"filename": "armas8.jpg", "size": 100041, "regions": [{"shape_attributes": {"name": "polygon", "all_points_x": [637, 692, 842, 838, 684], "all_points_y": [487, 347, 351, 463, 519]}, "region_attributes": {"name": {"blackpistol": true}}}], "file_attributes": {}}, "armas1.jpg": {"filename": "armas1.jpg", "size": 4101, "regions": [{"shape_attributes": {"name": "polygon", "all_points_x": [9, 3, 124, 131, 74, 58, 45], "all_points_y": [113, 13, 4, 27, 45, 71, 111]}, "region_attributes": {"name": {"blackpistol": true}}}, null, {"shape_attributes": {"name": "polygon", "all_points_x": [122, 122, 239, 237, 210], "all_points_y": [86, 44, 51, 143, 144]}, "region_attributes": {"name": {"whitepistol": true}}}], "file_attributes": {}}, "armas5.jpg": {"filename": "armas5.jpg", "size": 64405, "regions": [{"shape_attributes": {"name": "polygon", "all_points_x": [457, 672, 434, 366, 408, 365, 406, 365], "all_points_y": [167, 453, 609, 546, 424, 327, 285, 232]}, "region_attributes": {"name": {"blackpistol": true}}}, null, {"shape_attributes": {"name": "polygon", "all_points_x": [644, 847, 779, 687, 707, 619, 644, 607], "all_points_y": [5, 190, 402, 318, 250, 156, 84, 41]}, "region_attributes": {"name": {"blackpistol": true}}}], "file_attributes": {}}, "armas3.jpg": {"filename": "armas3.jpg", "size": 94954, "regions": [{"shape_attributes": {"name": "polygon", "all_points_x": [430, 512, 623, 569, 497], "all_points_y": [228, 131, 230, 357, 363]}, "region_attributes": {"name": {"blackpistol": true}}}], "file_attributes": {}}}